CREATE DATABASE THPT
USE THPT
Drop database THPT
DROP TABLE NIENKHOA
DROP TABLE GIANGDAY
DROP TABLE CHITIETDIEM
DROP TABLE LOAIKIEMTRA
DROP TABLE DIEMMON
DROP TABLE HANHKIEM
DROP TABLE LOPDAHOC
DROP TABLE HOCSINH
DROP TABLE LOP
DROP TABLE GIAOVIEN
DROP TABLE MONHOC
DROP TABLE KHOI
DROP TABLE TAIKHOAN

CREATE TABLE NIENKHOA(
	MANK CHAR(11) PRIMARY KEY NOT NULL,
	NAMBD CHAR(5),
	NAMKT CHAR(5)
)

CREATE TABLE TAIKHOAN(
	MATK		CHAR(10) PRIMARY KEY NOT NULL, --MÃ TÀI KHOẢN
	USERNAME	NVARCHAR(20), --TÀI KHOẢN
	PASS		NVARCHAR(20), --MẬT KHẨU
)

CREATE TABLE KHOI(
	MAKHOI	CHAR(4) PRIMARY KEY, --MÃ KHỐI
	TENKHOI NVARCHAR(20), --TÊN KHỐI
)

CREATE TABLE MONHOC(
	MAMH	CHAR(10) PRIMARY KEY, --MÃ MÔN HỌC
	TENMH	NVARCHAR(10), -- TÊN MÔN HỌC
)

CREATE TABLE GIAOVIEN(
	MAGV	CHAR(10) PRIMARY KEY, --MÃ GIÁO VIÊN
	MAMH	CHAR(10), --MÃ MÔN HỌC
	MATK	CHAR(10), --MÃ TÀI KHOẢN
	TENGV	NVARCHAR(25), -- TÊN GIÁO VIÊN
	DIACHI	NVARCHAR(50), --ĐỊA CHỈ
	NAMSINH CHAR(4),		-- NĂM SINH
	GIOITINH NVARCHAR(3),--GIỚI TÍNH
	SDT		VARCHAR(10), -- SỐ ĐIỆN THOẠI
	EMAIL	VARCHAR(MAX),
	CONSTRAINT FK_GV_MAMH FOREIGN KEY(MAMH) REFERENCES MONHOC(MAMH),
	CONSTRAINT FK_GV_MATK FOREIGN KEY(MATK) REFERENCES TAIKHOAN(MATK)
)

CREATE TABLE LOP(
	MALOP	CHAR(10) PRIMARY KEY,	--MÃ LỚP
	MAKHOI	CHAR(4),	--MÃ KHỐI
	MAGVCN	CHAR(10),	--MÃ GIÁO VIÊN CHỦ NHIỆM
	TENLOP	NVARCHAR(10),--TÊN LỚP
	SISO	int,	--SĨ SỐ
	-- Sửa trong lưu đồ ERD
	NAMHOC CHAR(10)
	CONSTRAINT FK_LOP_MAKHOI FOREIGN KEY(MAKHOI) REFERENCES KHOI(MAKHOI),
	CONSTRAINT FK_LOP_MAGV FOREIGN KEY(MAGVCN) REFERENCES GIAOVIEN(MAGV)
)

CREATE TABLE HOCSINH(
	MAHS		CHAR(10) PRIMARY KEY, --MÃ HỌC SINH
	MALOP		CHAR(10),
	--MAHK		CHAR(3), --MÃ HẠNH KIỂM
	MATK		CHAR(10), --MÃ TÀI KHOẢN
	HotenHS		NVARCHAR(25), --(họ tên học sinh) 
	ngaysinh	smalldatetime, --(Ngày sinh) 
	diachi		NVARCHAR(50), --(địa chỉ) 
	noisinh		NVARCHAR(max),
	sodt		varchar(10),
	email		varchar(max),
	gioitinh	NVARCHAR(3), --(giới tính ) 
	nienkhoa	VARCHAR(10), --(năm học ) 
	dantoc		NVARCHAR(15), --(dân tộc) 
	tongiao		NVARCHAR(15), --(tôn giáo ) 
	tencha		NVARCHAR(25), --(tên cha) 
	nghenghiepcha NVARCHAR(10), --(nghề nghiệp cha) 
	ngaysinhcha smalldatetime, --(ngày sinh cha) 
	tenme		NVARCHAR(25), --(tên mẹ) 
	nghenghiepme NVARCHAR(10), --(nghề nghiệp mẹ)
	ngaysinhme smalldatetime, --(ngày sinh mẹ) 
	Ghichu		NVARCHAR(30), --(ghi chú)
	ANHHS		VARBINARY(max),
	CONSTRAINT FK_HS_MALOP FOREIGN KEY(MALOP) REFERENCES LOP(MALOP),
	CONSTRAINT FK_HS_MATK FOREIGN KEY(MATK) REFERENCES TAIKHOAN(MATK)
)

--Thêm vào lưu đồ ERD
CREATE TABLE LOPDAHOC(
	MALOPDAHOC CHAR(11) PRIMARY KEY,
	MALOP CHAR(10),
	MAHS CHAR(10),
	CONSTRAINT FK_LOPDAHOC_LOP FOREIGN KEY(MALOP) REFERENCES LOP(MALOP),
	CONSTRAINT FK_LOPDAHOC_HOCSINH FOREIGN KEY(MAHS) REFERENCES HOCSINH(MAHS)
)
SELECT HS.MAHS, HS.HotenHS FROM HOCSINH AS HS

SELECT HS.MAHS, HS.HotenHS FROM HOCSINH AS HS, LOP AS L 
--WHERE (HS.MALOP = L.MALOP AND L.TENLOP = '{CB_Lop_page3.SelectedItem.ToString()}' AND L.NAMHOC = '2019-2020' AND L.MAKHOI = 'K11') OR EXISTS (SELECT * FROM LOPDAHOC WHERE LOPDAHOC.MAHS = HS.MAHS AND LOPDAHOC.MALOP = L.MALOP)";
--LTER TABLE HOCSINH DROP CONSTRAINT FK_HS_MALOP
--ALTER TABLE HOCSINH DROP CONSTRAINT FK_HS_MATK
--DROP TABLE HOCSINH

CREATE TABLE HANHKIEM(--Tốt, khá, trung bình, yếu.
	MAHK		CHAR(10) PRIMARY KEY, --MÃ HẠNH KIỂM
	MAHS		CHAR(10), --MAHOCSINH
	NAMHOC CHAR(10),
	XEPLOAIHKI	NVARCHAR(10), --XẾP LOẠI HỌC KÌ 1
	XEPLOAIHKII	NVARCHAR(10), --XẾP LOẠI HK 2
	XEPLOAICN	NVARCHAR(10), --XẾP LOẠI CUỐI NĂM

	CONSTRAINT FK_HK_HS FOREIGN KEY(MAHS) REFERENCES HOCSINH(MAHS),
)


CREATE TABLE DIEMMON(
	MADIEMMON CHAR(10) PRIMARY KEY NOT NULL,
	MAMONHOC CHAR(10),
	NAMHOC CHAR(10),
	MAHK CHAR(10),
	MAHOCSINH CHAR(10),
	TRUNGBINH FLOAT,
	CONSTRAINT FK_DIEMMON_MAMH FOREIGN KEY(MAMONHOC) REFERENCES MONHOC(MAMH),
	CONSTRAINT FK_DIEMMON_MAHS FOREIGN KEY(MAHOCSINH) REFERENCES HOCSINH(MAHS)
)

CREATE TABLE LOAIKIEMTRA(
	MALOAIKT CHAR(10) PRIMARY KEY NOT NULL,
	TENLOAIKT VARCHAR(20),
)

CREATE TABLE CHITIETDIEM(
	MADIEMMON CHAR(10),
	MALOAIKT CHAR(10),
	DIEM FLOAT,
	CONSTRAINT PK_CHITIETDIEM PRIMARY KEY(MADIEMMON, MALOAIKT),
	CONSTRAINT FK_CTD_MADIEMMON FOREIGN KEY(MADIEMMON) REFERENCES DIEMMON(MADIEMMON),
	CONSTRAINT FK_CTD_MALOATKT FOREIGN KEY(MALOAIKT) REFERENCES LOAIKIEMTRA(MALOAIKT)
)

CREATE TABLE GIANGDAY(
	MAGV	CHAR(10), 
	MALOP	CHAR(10),
	CONSTRAINT PK_GIANGDAY PRIMARY KEY(MAGV, MALOP),
	CONSTRAINT FK_GD_MAGV FOREIGN KEY(MAGV) REFERENCES GIAOVIEN(MAGV),
	CONSTRAINT FK_GD_MALOP FOREIGN KEY(MALOP) REFERENCES LOP(MALOP)
)

CREATE TRIGGER TRG_UPDATE_SISO ON HOCSINH FOR UPDATE AS
BEGIN 
	UPDATE LOP
	SET SISO = (SELECT COUNT(*) FROM HOCSINH AS HS WHERE HS.MALOP = LOP.MALOP OR EXISTS(SELECT* FROM LOPDAHOC WHERE LOPDAHOC.MAHS = HS.MAHS AND LOPDAHOC.MALOP = LOP.MALOP))
END

CREATE TRIGGER TRG_UPDATE_SISO_DELETEHS ON HOCSINH FOR DELETE AS
BEGIN 
	UPDATE LOP
	SET SISO = (SELECT COUNT(*) FROM HOCSINH AS HS WHERE HS.MALOP = LOP.MALOP OR EXISTS(SELECT* FROM LOPDAHOC WHERE LOPDAHOC.MAHS = HS.MAHS AND LOPDAHOC.MALOP = LOP.MALOP))
END

CREATE TRIGGER TRG_UPDATE_SISO_INSERTHS ON HOCSINH FOR INSERT AS
BEGIN 
	UPDATE LOP
	SET SISO = (SELECT COUNT(*) FROM HOCSINH AS HS WHERE HS.MALOP = LOP.MALOP OR EXISTS(SELECT* FROM LOPDAHOC WHERE LOPDAHOC.MAHS = HS.MAHS AND LOPDAHOC.MALOP = LOP.MALOP))
END
--DROP TRIGGER TRG_UPDATE_SISO_INSERTHS
--DROP TRIGGER TRG_UPDATE_SISO_DELETEHS
--DROP TRIGGER TRG_UPDATE_SISO

--SELECT TK.USERNAME, TK.PASS
--                                FROM TAIKHOAN AS TK
--                                WHERE TK.USERNAME = 'admin'

USE THPT
SET DATEFORMAT dmy
		  


INSERT INTO NIENKHOA(MANK, NAMBD, NAMKT)
	VALUES	('2019-2022', '2019', '2022'),
			('2020-2023', '2020', '2023'),
			('2021-2024', '2021', '2024')

INSERT INTO TAIKHOAN(MATK, USERNAME, PASS)
	VALUES
('TK0000', 'admin','admin'),
('TK0007', 'HS004', '1'),
('TK0008', 'HS005', '1'),
('TK0009', 'HS006', '1'),
('TK0010', 'HS007', '1'),
('TK0011', 'HS008', '1'),
('TK0012', 'HS009', '1'),
('TK0013', 'HS010', '1'),
('TK0014', 'HS011', '1'),
('TK0015', 'HS012', '1'),
('TK0016', 'HS013', '1'),
('TK0017', 'HS014', '1'),
('TK0018', 'HS015', '1'),
('TK0019', 'HS016', '1'),
('TK0020', 'HS017', '1'),
('TK0021', 'HS018', '1'),
('TK0022', 'HS019', '1'),
('TK0023', 'HS020', '1'),
('TK0024', 'HS021', '1'),
('TK0025', 'HS022', '1'),
('TK0026', 'HS023', '1'),
('TK0027', 'HS024', '1'),
('TK0028', 'HS025', '1'),
('TK0029', 'HS026', '1'),
('TK0030', 'HS027', '1'),
('TK0031', 'HS028', '1'),
('TK0032', 'HS029', '1'),
('TK0033', 'HS030', '1'),
('TK0034', 'HS031', '1'),
('TK0035', 'HS032', '1'),
('TK0036', 'HS033', '1'),
('TK0037', 'HS034', '1'),
('TK0038', 'HS035', '1'),
('TK0039', 'HS036', '1'),
('TK0040', 'HS037', '1'),
('TK0041', 'HS038', '1'),
('TK0042', 'HS039', '1'),
('TK0043', 'HS040', '1'),
('TK0044', 'HS041', '1'),
('TK0045', 'HS042', '1'),
('TK0046', 'HS043', '1'),
('TK0047', 'HS044', '1'),
('TK0048', 'HS045', '1'),
('TK0049', 'HS046', '1'),
('TK0050', 'HS047', '1'),
('TK0051', 'HS048', '1'),
('TK0052', 'HS049', '1'),
('TK0053', 'HS050', '1'),
('TK0054', 'HS051', '1'),
('TK0055', 'HS052', '1'),
('TK0056', 'HS053', '1'),
('TK0057', 'HS054', '1'),
('TK0058', 'HS055', '1'),
('TK0059', 'HS056', '1'),
('TK0060', 'HS057', '1'),
('TK0061', 'HS058', '1'),
('TK0062', 'HS059', '1'),
('TK0063', 'HS060', '1'),
('TK0064', 'HS061', '1'),
('TK0065', 'HS062', '1'),
('TK0066', 'HS063', '1'),
('TK0067', 'HS064', '1'),
('TK0068', 'HS065', '1'),
('TK0069', 'HS066', '1'),
('TK0070', 'HS067', '1'),
('TK0071', 'HS068', '1'),
('TK0072', 'HS069', '1'),
('TK0073', 'HS070', '1'),
('TK0074', 'HS071', '1'),
('TK0075', 'HS072', '1'),
('TK0076', 'HS073', '1'),
('TK0077', 'HS074', '1'),
('TK0078', 'HS075', '1'),
('TK0079', 'HS076', '1'),
('TK0080', 'HS077', '1'),
('TK0081', 'HS078', '1'),
('TK0082', 'HS079', '1'),
('TK0083', 'HS080', '1'),
('TK0084', 'HS081', '1'),
('TK0085', 'HS082', '1'),
('TK0086', 'HS083', '1'),
('TK0087', 'HS084', '1'),
('TK0088', 'HS085', '1'),
('TK0089', 'HS086', '1'),
('TK0090', 'HS087', '1'),
('TK0091', 'HS088', '1'),
('TK0092', 'HS089', '1'),
('TK0093', 'HS090', '1'),
('TK0094', 'HS091', '1'),
('TK0095', 'HS092', '1'),
('TK0096', 'HS093', '1'),
('TK0097', 'HS094', '1'),
('TK0098', 'HS095', '1'),
('TK0099', 'HS096', '1'),
('TK0100', 'HS097', '1'),
('TK0101', 'HS098', '1'),
('TK0102', 'HS099', '1'),
('TK0103', 'HS100', '1'),
('TK0104', 'HS101', '1'),
('TK0105', 'HS102', '1'),
('TK0106', 'HS103', '1'),
('TK0107', 'HS104', '1'),
('TK0108', 'HS105', '1'),
('TK0109', 'HS106', '1'),
('TK0110', 'HS107', '1'),
('TK0111', 'HS108', '1'),
('TK0112', 'HS109', '1'),
('TK0113', 'HS110', '1'),
('TK0114', 'HS111', '1'),
('TK0115', 'HS112', '1'),
('TK0116', 'HS113', '1'),
('TK0117', 'HS114', '1'),
('TK0118', 'HS115', '1'),
('TK0119', 'HS116', '1'),
('TK0120', 'HS117', '1'),
('TK0121', 'HS118', '1'),
('TK0122', 'HS119', '1'),
('TK0123', 'HS120', '1'),
('TK0124', 'HS121', '1'),
('TK0125', 'HS122', '1'),
('TK0126', 'HS123', '1'),
('TK0127', 'HS124', '1'),
('TK0128', 'HS125', '1'),
('TK0129', 'HS126', '1'),
('TK0130', 'HS127', '1'),
('TK0131', 'HS128', '1'),
('TK0132', 'HS129', '1'),
('TK0133', 'HS130', '1'),
('TK0134', 'HS131', '1'),
('TK0135', 'HS132', '1'),
('TK0136', 'HS133', '1'),
('TK0137', 'HS134', '1'),
('TK0138', 'HS135', '1'),
('TK0139', 'HS136', '1'),
('TK0140', 'HS137', '1'),
('TK0141', 'HS138', '1'),
('TK0142', 'HS139', '1'),
('TK0143', 'HS140', '1'),
('TK0144', 'HS141', '1'),
('TK0145', 'HS142', '1'),
('TK0146', 'HS143', '1'),
('TK0147', 'HS144', '1'),
('TK0148', 'HS145', '1'),
('TK0149', 'HS146', '1'),
('TK0150', 'HS147', '1'),
('TK0151', 'HS148', '1'),
('TK0152', 'HS149', '1'),
('TK0153', 'HS150', '1'),
('TK0154', 'HS151', '1'),
('TK0155', 'HS152', '1'),
('TK0156', 'HS153', '1'),
('TK0157', 'HS154', '1'),
('TK0158', 'HS155', '1'),
('TK0159', 'HS156', '1'),
('TK0160', 'HS157', '1'),
('TK0161', 'HS158', '1'),
('TK0162', 'HS159', '1'),
('TK0163', 'HS160', '1'),
('TK0164', 'HS161', '1'),
('TK0165', 'HS162', '1'),
('TK0166', 'HS163', '1'),
('TK0167', 'HS164', '1'),
('TK0168', 'HS165', '1'),
('TK0169', 'HS166', '1'),
('TK0170', 'HS167', '1'),
('TK0171', 'HS168', '1'),
('TK0172', 'HS169', '1'),
('TK0173', 'HS170', '1'),
('TK0174', 'HS171', '1'),
('TK0175', 'HS172', '1'),
('TK0176', 'HS173', '1'),
('TK0177', 'HS174', '1'),
('TK0178', 'HS175', '1'),
('TK0179', 'HS176', '1'),
('TK0180', 'HS177', '1'),
('TK0181', 'HS178', '1'),
('TK0182', 'HS179', '1'),
('TK0183', 'HS180', '1'),
('TK0184', 'HS181', '1'),
('TK0185', 'HS182', '1'),
('TK0186', 'HS183', '1'),
('TK0187', 'HS184', '1'),
('TK0188', 'HS185', '1'),
('TK0189', 'HS186', '1'),
('TK0190', 'HS187', '1'),
('TK0191', 'HS188', '1'),
('TK0192', 'HS189', '1'),
('TK0193', 'HS190', '1'),
('TK0194', 'HS191', '1'),
('TK0195', 'HS192', '1'),
('TK0196', 'HS193', '1'),
('TK0197', 'HS194', '1'),
('TK0198', 'HS195', '1'),
('TK0199', 'HS196', '1'),
('TK0200', 'HS197', '1'),
('TK0201', 'HS198', '1'),
('TK0202', 'HS199', '1'),
('TK0203', 'HS200', '1'),
('TK0204', 'HS201', '1'),
('TK0205', 'HS202', '1'),
('TK0206', 'HS203', '1'),
('TK0207', 'HS204', '1'),
('TK0208', 'HS205', '1'),
('TK0209', 'HS206', '1'),
('TK0210', 'HS207', '1'),
('TK0211', 'HS208', '1'),
('TK0212', 'HS209', '1'),
('TK0213', 'HS210', '1'),
('TK0214', 'HS211', '1'),
('TK0215', 'HS212', '1'),
('TK0216', 'HS213', '1'),
('TK0217', 'HS214', '1'),
('TK0218', 'HS215', '1'),
('TK0219', 'HS216', '1'),
('TK0220', 'HS217', '1'),
('TK0221', 'HS218', '1'),
('TK0222', 'HS219', '1'),
('TK0223', 'HS220', '1'),
('TK0224', 'HS221', '1'),
('TK0225', 'HS222', '1'),
('TK0226', 'HS223', '1'),
('TK0227', 'HS224', '1'),
('TK0228', 'HS225', '1'),
('TK0229', 'HS226', '1'),
('TK0230', 'HS227', '1'),
('TK0231', 'HS228', '1'),
('TK0232', 'HS229', '1'),
('TK0233', 'HS230', '1'),
('TK0234', 'HS231', '1'),
('TK0235', 'HS232', '1'),
('TK0236', 'HS233', '1'),
('TK0237', 'HS234', '1'),
('TK0238', 'HS235', '1'),
('TK0239', 'HS236', '1'),
('TK0240', 'HS237', '1'),
('TK0241', 'HS238', '1'),
('TK0242', 'HS239', '1'),
('TK0243', 'HS240', '1'),
('TK0244', 'HS241', '1'),
('TK0245', 'HS242', '1'),
('TK0246', 'HS243', '1'),
('TK0247', 'HS244', '1'),
('TK0248', 'HS245', '1'),
('TK0249', 'HS246', '1'),
('TK0250', 'HS247', '1'),
('TK0251', 'HS248', '1'),
('TK0252', 'HS249', '1'),
('TK0253', 'HS250', '1'),
('TK0254', 'HS251', '1'),
('TK0255', 'HS252', '1'),
('TK0256', 'HS253', '1'),
('TK0257', 'HS254', '1'),
('TK0258', 'HS255', '1'),
('TK0259', 'HS256', '1'),
('TK0260', 'HS257', '1'),
('TK0261', 'HS258', '1'),
('TK0262', 'HS259', '1'),
('TK0263', 'HS260', '1'),
('TK0264', 'HS261', '1'),
('TK0265', 'HS262', '1'),
('TK0266', 'HS263', '1'),
('TK0267', 'HS264', '1'),
('TK0268', 'HS265', '1'),
('TK0269', 'HS266', '1'),
('TK0270', 'HS267', '1'),
('TK0271', 'HS268', '1'),
('TK0272', 'HS269', '1'),
('TK0273', 'HS270', '1'),
('TK0274', 'HS271', '1'),
('TK0275', 'HS272', '1'),
('TK0276', 'HS273', '1'),
('TK0277', 'HS274', '1'),
('TK0278', 'HS275', '1'),
('TK0279', 'HS276', '1'),
('TK0280', 'HS277', '1'),
('TK0281', 'HS278', '1'),
('TK0282', 'HS279', '1'),
('TK0283', 'HS280', '1'),
('TK0284', 'HS281', '1'),
('TK0285', 'HS282', '1'),
('TK0286', 'HS283', '1'),
('TK0287', 'HS284', '1'),
('TK0288', 'HS285', '1'),
('TK0289', 'HS286', '1'),
('TK0290', 'HS287', '1'),
('TK0291', 'HS288', '1'),
('TK0292', 'HS289', '1'),
('TK0293', 'HS290', '1'),
('TK0294', 'HS291', '1'),
('TK0295', 'HS292', '1'),
('TK0296', 'HS293', '1'),
('TK0297', 'HS294', '1'),
('TK0298', 'HS295', '1'),
('TK0299', 'HS296', '1'),
('TK0300', 'HS297', '1'),
('TK0301', 'HS298', '1'),
('TK0302', 'HS299', '1'),
('TK0303', 'HS300', '1')


INSERT INTO KHOI(MAKHOI, TENKHOI)
	VALUES('K10', N'Khối 10'),
		  ('K11', N'Khối 11'),
		  ('K12', N'Khôi 12')


INSERT INTO MONHOC(MAMH, TENMH)
	VALUES('MHT', N'Toán học'),
		  ('MHV', N'Ngữ văn'),
		  ('MHVL', N'Vật lí'),
		  ('MHHH', N'Hóa học'),
		  ('MHSH', N'Sinh học'),
		  ('MHTH', N'Tin học'),
		  ('MHLS', N'Lịch sử'),
		  ('MHDL', N'Địa lí'),
		  ('MHNN', N'Ngoại ngữ'),
		  ('MHCD', N'GDCD'),
		  ('MHCN', N'Công nghệ'),
		  ('MHTD', N'Thể dục'),
		  ('MHQP', N'GDQP')





INSERT INTO GIAOVIEN(MAGV, MAMH, TENGV, DIACHI, NAMSINH, GIOITINH, SDT)
	VALUES
('GV001', 'MHT', N'Nguyễn Tố Nga', N'Quận Bình Thạnh', '1965', N'Nữ', '0597904985'),
('GV002', 'MHT', N'Phạm Gia Khánh', N'Huyện Cần Giờ', '1970', N'Nữ', '0681396309'),
('GV003', 'MHT', N'Trần Việt Cường', N'Quận 12', '1963', N'Nam', '0911609689'),
('GV004', 'MHV', N'Trần Ðình Lộc', N'Quận Phú Nhuận', '1986', N'Nam', '0744398560'),
('GV005', 'MHV', N'Trần Bảo Anh', N'Quận 2', '1974', N'Nam', '0640373862'),
('GV006', 'MHV', N'Trần Hoàng Mỹ', N'Quận Thủ Đức', '1972', N'Nam', '0621107858'),
('GV007', 'MHVL', N'Trần Việt Nhân', N'Quận Phú Nhuận', '1969', N'Nam', '0440098227'),
('GV008', 'MHVL', N'Trần Việt Anh', N'Quận Tân Phú', '1961', N'Nam', '0427212623'),
('GV009', 'MHVL', N'Trần Ðình Hảo', N'Huyện Củ Chi', '1962', N'Nam', '0915224039'),
('GV010', 'MHHH', N'Đặng Vạn Thắng', N'Huyện Hóc Môn', '1972', N'Nam', '0567219493'),
('GV011', 'MHHH', N'Phan Ngọc Lâm', N'Quận 1', '1967', N'Nữ', '0840459912'),
('GV012', 'MHHH', N'Phan Diệp', N'Quận Thủ Đức', '1968', N'Nữ', '0754171868'),
('GV013', 'MHSH', N'Phan Yến Anh', N'Quận Gò Vấp', '1990', N'Nữ', '0937860978'),
('GV014', 'MHSH', N'Phan Thanh Phương', N'Huyện Nhà Bè', '1974', N'Nữ', '0732578273'),
('GV015', 'MHSH', N'Phan Ngọc Ánh', N'Quận 12', '1974', N'Nữ', '0529568027'),
('GV016', 'MHTH', N'Phan Vy Bảo Thoa', N'Quận 7', '1995', N'Nữ', '0916142575'),
('GV017', 'MHLS', N'Phan Lệ Thu', N'Quận 11', '1993', N'Nữ', '0418369419'),
('GV018', 'MHDL', N'Phan Thiên Lan', N'Quận 2', '1973', N'Nữ', '0380870919'),
('GV019', 'MHNN', N'Nguyễn Gia Cẩn', N'Quận 8', '1981', N'Nam', '0692336796'),
('GV020', 'MHCD', N'Nguyễn Trung Kiên', N'Quận 11', '1967', N'Nam', '0583287144'),
('GV021', 'MHCN', N'Nguyễn Sỹ Ðan', N'Quận Gò Vấp', '1976', N'Nam', '0315547472'),
('GV022', 'MHTD', N'Nguyễn Nhật Nam', N'Quận Phú Nhuận', '1977', N'Nam', '0629674183'),
('GV023', 'MHQP', N'Nguyễn Thanh Sơn', N'Quận 1', '1991', N'Nam', '0385142696')


INSERT INTO LOP(MALOP, MAKHOI, MAGVCN, TENLOP,  NAMHOC)
	VALUES
('L101', 'K10', 'GV001', '10A1', '2021-2022'),
('L102', 'K10', 'GV002', '10A2', '2021-2022'),
('L103', 'K10', 'GV003', '10A3', '2021-2022'),
('L111', 'K11', 'GV004', '11A1', '2021-2022'),
('L112', 'K11', 'GV005', '11A2', '2021-2022'),
('L113', 'K11', 'GV006', '11A3', '2021-2022'),
('L121', 'K12', 'GV007', '12A1', '2021-2022'),
('L122', 'K12', 'GV008', '12A2', '2021-2022'),
('L123', 'K12', 'GV009', '12A3', '2021-2022')



INSERT INTO HOCSINH(MAHS, MALOP, MATK, HotenHS, ngaysinh, diachi, gioitinh, nienkhoa, tencha, tenme)				
	VALUES
('004', 'L101', 'TK0007', N'Lý Ðức Cường', '29/03/2006', N'Quận Phú Nhuận', N'Nam', '2021-2024', N'Võ Duy Hùng', N'Nguyễn Thảo Quyên'),
('005', 'L101', 'TK0008', N'Lý Quốc Hoài', '30/11/2006', N'Quận 1', N'Nam', '2021-2024', N'Võ Hữu Tâm', N'Nguyễn Lien'),
('006', 'L101', 'TK0009', N'Lý Anh Minh', '07/02/2006', N'Huyện Bình Chánh', N'Nam', '2021-2024', N'Võ Gia Linh', N'Nguyễn Thiên Khánh'),
('007', 'L101', 'TK0010', N'Lý Đại Dương', '07/02/2006', N'Quận Phú Nhuận', N'Nam', '2021-2024', N'Võ Công Sơn', N'Nguyễn Ánh Nguyệt'),
('008', 'L101', 'TK0011', N'Lý Nhân Nguyên', '11/09/2006', N'Quận 3', N'Nam', '2021-2024', N'Võ Minh Ân', N'Nguyễn Tuyết Lan'),
('009', 'L101', 'TK0012', N'Lý Ðức Thắng', '07/06/2006', N'Quận Gò Vấp', N'Nam', '2021-2024', N'Võ Quốc Hoàn', N'Nguyễn Yến Ðan'),
('010', 'L101', 'TK0013', N'Lý Việt Cường', '02/09/2006', N'Quận 4', N'Nam', '2021-2024', N'Võ Bá Thiện', N'Nguyễn Tố Nga'),
('011', 'L101', 'TK0014', N'Lý Hữu Hoàng', '01/01/2006', N'Quận Gò Vấp', N'Nam', '2021-2024', N'Võ Cao Phong', N'Nguyễn Hoàn Châu'),
('012', 'L101', 'TK0015', N'Lý Quốc Bình', '27/10/2006', N'Quận 5', N'Nam', '2021-2024', N'Võ Bảo Phúc', N'Nguyễn Vy Linh San'),
('013', 'L101', 'TK0016', N'Lý Lạc Phúc', '28/07/2006', N'Huyện Bình Chánh', N'Nam', '2021-2024', N'Võ Quốc Hạnh', N'Nguyễn Thảo Nhi'),
('014', 'L101', 'TK0017', N'Lý Huy Tuấn', '24/03/2006', N'Quận 11', N'Nam', '2021-2024', N'Võ Minh Khôi', N'Nguyễn Chiêu Minh'),
('015', 'L101', 'TK0018', N'Lý Thế Dũng', '08/09/2006', N'Quận 9', N'Nam', '2021-2024', N'Võ Thành Doanh', N'Nguyễn Thái Lâm'),
('016', 'L101', 'TK0019', N'Lý Bình An', '21/06/2006', N'Quận 5', N'Nam', '2021-2024', N'Võ Minh Giang', N'Nguyễn An Dương'),
('017', 'L101', 'TK0020', N'Lý Tiến Đạt', '01/04/2006', N'Quận 10', N'Nam', '2021-2024', N'Võ Thanh Toản', N'Nguyễn Mai Gia Linh'),
('018', 'L101', 'TK0021', N'Lý Đức Duy', '02/10/2006', N'Quận 2', N'Nam', '2021-2024', N'Võ Đăng Quang', N'Nguyễn Tuyết Oanh'),
('019', 'L101', 'TK0022', N'Lý Minh Kiệt', '28/11/2006', N'Quận 12', N'Nam', '2021-2024', N'Võ Anh Quân', N'Nguyễn Ngọc Lâm'),
('020', 'L101', 'TK0023', N'Lý Quang Thịnh', '22/05/2006', N'Quận Thủ Đức', N'Nam', '2021-2024', N'Võ Gia Kiên', N'Nguyễn Thu Nga'),
('021', 'L101', 'TK0024', N'Lý Thế Lâm', '22/10/2006', N'Quận 9', N'Nam', '2021-2024', N'Võ Ðình Thắng', N'Nguyễn Lệ Chi'),
('022', 'L101', 'TK0025', N'Lý Ðức Tâm', '04/03/2006', N'Quận 11', N'Nam', '2021-2024', N'Võ Ân Lai', N'Nguyễn Mai Linh'),
('023', 'L101', 'TK0026', N'Lý Danh Thành', '20/09/2006', N'Quận Bình Tân', N'Nam', '2021-2024', N'Võ Hữu Hoàng', N'Nguyễn Thanh Nga'),
('024', 'L101', 'TK0027', N'Nguyễn Thảo Quyên', '28/03/2006', N'Huyện Hóc Môn', N'Nữ', '2021-2024', N'Ngô Quang Đông', N'Cao Ngọc Ánh'),
('025', 'L101', 'TK0028', N'Nguyễn Lien', '11/04/2006', N'Quận 7', N'Nữ', '2021-2024', N'Ngô Công Sơn', N'Cao Xuyến Chi'),
('026', 'L101', 'TK0029', N'Nguyễn Thiên Khánh', '08/11/2006', N'Quận 12', N'Nữ', '2021-2024', N'Ngô Anh Tú', N'Cao Bạch Mai'),
('027', 'L101', 'TK0030', N'Nguyễn Ánh Nguyệt', '21/01/2006', N'Quận Phú Nhuận', N'Nữ', '2021-2024', N'Ngô Thiên', N'Cao Ánh Ngọc'),
('028', 'L101', 'TK0031', N'Nguyễn Tuyết Lan', '05/12/2006', N'Quận 11', N'Nữ', '2021-2024', N'Ngô Hoài Trung', N'Cao Tố Uyên'),
('029', 'L101', 'TK0032', N'Nguyễn Yến Ðan', '03/06/2006', N'Quận 3', N'Nữ', '2021-2024', N'Ngô Việt Khôi', N'Cao Bích Ngọc'),
('030', 'L101', 'TK0033', N'Nguyễn Tố Nga', '25/12/2006', N'Huyện Bình Chánh', N'Nữ', '2021-2024', N'Ngô Nhật Quang', N'Cao Linh'),
('031', 'L102', 'TK0034', N'Nguyễn Hoàn Châu', '25/04/2006', N'Huyện Cần Giờ', N'Nữ', '2021-2024', N'Ngô Đăng Quang', N'Cao Gia Linh'),
('032', 'L102', 'TK0035', N'Nguyễn Vy Linh San', '06/09/2006', N'Quận Thủ Đức', N'Nữ', '2021-2024', N'Ngô Gia Hòa', N'Cao'),
('033', 'L102', 'TK0036', N'Nguyễn Thảo Nhi', '30/11/2006', N'Quận 3', N'Nữ', '2021-2024', N'Ngô Hồng Sơn', N'Cao Bích Quyên'),
('034', 'L102', 'TK0037', N'Nguyễn Chiêu Minh', '15/02/2006', N'Quận 8', N'Nữ', '2021-2024', N'Ngô Trọng Tấn', N'Cao Thu Ngân'),
('035', 'L102', 'TK0038', N'Nguyễn Thái Lâm', '18/12/2006', N'Quận 9', N'Nữ', '2021-2024', N'Ngô Minh Kiệt', N'Cao Xuyến Chi'),
('036', 'L102', 'TK0039', N'Nguyễn An Dương', '10/11/2006', N'Quận Bình Tân', N'Nữ', '2021-2024', N'Ngô Phương Nam', N'Cao Chi'),
('037', 'L102', 'TK0040', N'Nguyễn Mai Gia Linh', '01/06/2006', N'Huyện Cần Giờ', N'Nữ', '2021-2024', N'Ngô Xuân Cao', N'Cao Lệ Băng'),
('038', 'L102', 'TK0041', N'Nguyễn Tuyết Oanh', '05/05/2006', N'Quận 4', N'Nữ', '2021-2024', N'Ngô Minh Thông', N'Cao Khả Ái'),
('039', 'L102', 'TK0042', N'Nguyễn Ngọc Lâm', '08/10/2006', N'Quận 9', N'Nữ', '2021-2024', N'Đặng Xuân Thuyết', N'Cao Anh'),
('040', 'L102', 'TK0043', N'Nguyễn Thu Nga', '24/12/2006', N'Quận 7', N'Nữ', '2021-2024', N'Đặng Phúc Ðiền', N'Cao Bảo Uyên'),
('041', 'L102', 'TK0044', N'Nguyễn Lệ Chi', '06/09/2006', N'Quận Bình Tân', N'Nữ', '2021-2024', N'Đặng Trọng Chính', N'Cao Bạch Quỳnh'),
('042', 'L102', 'TK0045', N'Nguyễn Mai Linh', '08/03/2006', N'Quận 6', N'Nữ', '2021-2024', N'Đặng Vạn Thắng', N'Cao Thụy Nương'),
('043', 'L102', 'TK0046', N'Nguyễn Thanh Nga', '03/03/2006', N'Quận Tân Bình', N'Nữ', '2021-2024', N'Đặng Bảo Quốc', N'Cao Hoàng Yến'),
('044', 'L102', 'TK0047', N'Võ Duy Hùng', '22/05/2006', N'Quận Bình Tân', N'Nam', '2021-2024', N'Đặng Gia Nghị', N'Hoàng Bảo Thanh'),
('045', 'L102', 'TK0048', N'Võ Hữu Tâm', '27/05/2006', N'Huyện Củ Chi', N'Nam', '2021-2024', N'Đặng Hữu Long', N'Hoàng Thùy Anh'),
('046', 'L102', 'TK0049', N'Võ Gia Linh', '05/05/2006', N'Quận 10', N'Nam', '2021-2024', N'Đặng Trung Nhân', N'Hoàng Thiên Kim'),
('047', 'L102', 'TK0050', N'Võ Công Sơn', '13/02/2006', N'Huyện Nhà Bè', N'Nam', '2021-2024', N'Đặng Đức Huy', N'Hoàng Kim Ngân'),
('048', 'L102', 'TK0051', N'Võ Minh Ân', '28/07/2006', N'Quận Tân Bình', N'Nam', '2021-2024', N'Đặng Quang Danh', N'Hoàng Diệp Anh'),
('049', 'L102', 'TK0052', N'Võ Quốc Hoàn', '22/07/2006', N'Quận Bình Thạnh', N'Nam', '2021-2024', N'Đặng Quang Thạch', N'Hoàng Như'),
('050', 'L102', 'TK0053', N'Võ Bá Thiện', '01/05/2006', N'Quận 11', N'Nam', '2021-2024', N'Đặng Ngọc Phương', N'Hoàng Bảo Quỳnh'),
('051', 'L102', 'TK0054', N'Võ Cao Phong', '05/06/2006', N'Quận Bình Thạnh', N'Nam', '2021-2024', N'Đặng Khải Ca', N'Hoàng Bích Quyên'),
('052', 'L102', 'TK0055', N'Võ Bảo Phúc', '02/05/2006', N'Quận Gò Vấp', N'Nam', '2021-2024', N'Đặng Lâm Ðông', N'Hoàng Quỳnh Chi'),
('053', 'L102', 'TK0056', N'Võ Quốc Hạnh', '20/06/2006', N'Quận 11', N'Nam', '2021-2024', N'Đặng Thế Doanh', N'Hoàng Thúy Ngà'),
('054', 'L102', 'TK0057', N'Võ Minh Khôi', '30/04/2006', N'Huyện Cần Giờ', N'Nam', '2021-2024', N'Phạm Gia Huấn', N'Hoàng Thiên Hà'),
('055', 'L102', 'TK0058', N'Võ Thành Doanh', '05/06/2006', N'Quận 9', N'Nam', '2021-2024', N'Phạm Phước Sơn', N'Hoàng Ái Hồng'),
('056', 'L102', 'TK0059', N'Võ Minh Giang', '25/02/2006', N'Quận 10', N'Nam', '2021-2024', N'Phạm Quốc Hoài', N'Hoàng Cẩm Tú'),
('057', 'L102', 'TK0060', N'Võ Thanh Toản', '26/02/2006', N'Quận 12', N'Nam', '2021-2024', N'Phạm Hiểu Minh', N'Hoàng Nhã Thanh'),
('058', 'L102', 'TK0061', N'Võ Đăng Quang', '28/09/2006', N'Quận 11', N'Nam', '2021-2024', N'Phạm Gia Khánh', N'Hoàng Bạch Trà'),
('059', 'L102', 'TK0062', N'Võ Anh Quân', '07/07/2006', N'Quận 2', N'Nam', '2021-2024', N'Phạm Việt Khải', N'Hoàng Mỹ Nhân'),
('060', 'L102', 'TK0063', N'Võ Gia Kiên', '25/12/2006', N'Quận 6', N'Nam', '2021-2024', N'Phạm Thanh Chúc', N'Hoàng Thu Hoài'),
('061', 'L103', 'TK0064', N'Võ Ðình Thắng', '02/03/2006', N'Quận 12', N'Nam', '2021-2024', N'Phạm Thành Ðạt', N'Hoàng Thu Hương'),
('062', 'L103', 'TK0065', N'Võ Ân Lai', '11/03/2006', N'Quận 2', N'Nam', '2021-2024', N'Phạm Ðăng An', N'Hoàng Hà Phương'),
('063', 'L103', 'TK0066', N'Võ Hữu Hoàng', '22/06/2006', N'Quận 2', N'Nam', '2021-2024', N'Phạm Quang Linh', N'Hoàng Quế Linh'),
('064', 'L103', 'TK0067', N'Cao Ngọc Ánh', '20/12/2006', N'Huyện Bình Chánh', N'Nữ', '2021-2024', N'Phạm An Nguyên', N'Hoàng Ngọc Thơ'),
('065', 'L103', 'TK0068', N'Cao Xuyến Chi', '01/02/2006', N'Huyện Hóc Môn', N'Nữ', '2021-2024', N'Phạm Lương Quyền', N'Hoàng Thảo Minh'),
('066', 'L103', 'TK0069', N'Cao Bạch Mai', '06/08/2006', N'Quận 7', N'Nữ', '2021-2024', N'Phạm Thế Duyệt', N'Hoàng Hồng Ánh'),
('067', 'L103', 'TK0070', N'Cao Ánh Ngọc', '31/10/2006', N'Quận Bình Thạnh', N'Nữ', '2021-2024', N'Ngô Thiên', N'Hoàng Nguyệt Uyển'),
('068', 'L103', 'TK0071', N'Cao Tố Uyên', '11/05/2006', N'Quận 8', N'Nữ', '2021-2024', N'Ngô Hoài Trung', N'Hoàng Khánh Ngân'),
('069', 'L103', 'TK0072', N'Cao Bích Ngọc', '03/08/2006', N'Quận 1', N'Nữ', '2021-2024', N'Ngô Việt Khôi', N'Hoàng Hạc Cúc'),
('070', 'L103', 'TK0073', N'Cao Linh', '06/11/2006', N'Huyện Nhà Bè', N'Nữ', '2021-2024', N'Ngô Nhật Quang', N'Hoàng Thanh Tuyết'),
('071', 'L103', 'TK0074', N'Cao Gia Linh', '26/06/2006', N'Quận 2', N'Nữ', '2021-2024', N'Ngô Đăng Quang', N'Hoàng Thanh Yến'),
('072', 'L103', 'TK0075', N'Cao', '19/10/2006', N'Quận Thủ Đức', N'Nữ', '2021-2024', N'Ngô Gia Hòa', N'Hoàng Bảo Quỳnh'),
('073', 'L103', 'TK0076', N'Cao Bích Quyên', '31/03/2006', N'Quận 3', N'Nữ', '2021-2024', N'Ngô Hồng Sơn', N'Đỗ Thanh Hương'),
('074', 'L103', 'TK0077', N'Cao Thu Ngân', '12/11/2006', N'Quận 5', N'Nữ', '2021-2024', N'Ngô Trọng Tấn', N'Đỗ Hảo'),
('075', 'L103', 'TK0078', N'Cao Xuyến Chi', '20/10/2006', N'Quận 2', N'Nữ', '2021-2024', N'Ngô Minh Kiệt', N'Đỗ Thu Phượng'),
('076', 'L103', 'TK0079', N'Cao Chi', '17/05/2006', N'Quận Bình Thạnh', N'Nữ', '2021-2024', N'Ngô Phương Nam', N'Đỗ Bạch Liên'),
('077', 'L103', 'TK0080', N'Cao Lệ Băng', '13/07/2006', N'Quận Thủ Đức', N'Nữ', '2021-2024', N'Ngô Xuân Cao', N'Đỗ Thu Yến'),
('078', 'L103', 'TK0081', N'Cao Khả Ái', '13/01/2006', N'Quận Bình Thạnh', N'Nữ', '2021-2024', N'Ngô Minh Thông', N'Đỗ Thủy Hằng'),
('079', 'L103', 'TK0082', N'Cao Anh', '23/02/2006', N'Quận Tân Bình', N'Nữ', '2021-2024', N'Võ Cao Phong', N'Đỗ Yến Linh'),
('080', 'L103', 'TK0083', N'Cao Bảo Uyên', '25/01/2006', N'Quận 6', N'Nữ', '2021-2024', N'Võ Bảo Phúc', N'Đỗ Bích Hiền'),
('081', 'L103', 'TK0084', N'Cao Bạch Quỳnh', '12/09/2006', N'Quận 9', N'Nữ', '2021-2024', N'Võ Quốc Hạnh', N'Đỗ Cẩm Vân'),
('082', 'L103', 'TK0085', N'Cao Thụy Nương', '17/03/2006', N'Quận Bình Thạnh', N'Nữ', '2021-2024', N'Võ Minh Khôi', N'Đỗ Đan Lê'),
('083', 'L103', 'TK0086', N'Cao Hoàng Yến', '30/10/2006', N'Quận 8', N'Nữ', '2021-2024', N'Võ Thành Doanh', N'Đỗ Mỹ Linh'),
('084', 'L103', 'TK0087', N'Phạm Quốc Thịnh', '19/10/2006', N'Huyện Bình Chánh', N'Nam', '2021-2024', N'Võ Minh Giang', N'Đỗ Xuân Linh'),
('085', 'L103', 'TK0088', N'Phạm Hữu Cảnh', '25/12/2006', N'Quận Bình Thạnh', N'Nam', '2021-2024', N'Võ Thanh Toản', N'Đỗ Kiều Anh'),
('086', 'L103', 'TK0089', N'Phạm Duy Khang', '28/09/2006', N'Quận 5', N'Nam', '2021-2024', N'Phạm Hiểu Minh', N'Đỗ Vy'),
('087', 'L103', 'TK0090', N'Phạm Quang Hữu', '03/10/2006', N'Quận 8', N'Nam', '2021-2024', N'Phạm Gia Khánh', N'Đỗ Trúc Chi'),
('088', 'L103', 'TK0091', N'Phạm Anh Tuấn', '16/11/2006', N'Quận 3', N'Nam', '2021-2024', N'Phạm Việt Khải', N'Cao Hoàng Yến'),
('089', 'L103', 'TK0092', N'Phạm Ðại Hành', '13/09/2006', N'Quận 10', N'Nam', '2021-2024', N'Phạm Thanh Chúc', N'Hoàng Bảo Thanh'),
('090', 'L103', 'TK0093', N'Phạm Thế Bình', '30/01/2006', N'Quận 11', N'Nam', '2021-2024', N'Phạm Thành Ðạt', N'Hoàng Thùy Anh'),
('091', 'L103', 'TK0094', N'Phạm Quốc Huy', '22/02/2006', N'Quận 9', N'Nam', '2021-2024', N'Phạm Ðăng An', N'Hoàng Thiên Kim'),
('092', 'L103', 'TK0095', N'Phạm Danh Thành', '25/03/2006', N'Quận 3', N'Nam', '2021-2024', N'Phạm Quang Linh', N'Hoàng Kim Ngân'),
('093', 'L103', 'TK0096', N'Phạm Tuấn Hoàng', '23/06/2006', N'Quận Thủ Đức', N'Nam', '2021-2024', N'Phạm An Nguyên', N'Hoàng Diệp Anh'),
('094', 'L103', 'TK0097', N'Phạm Quang Đạt', '14/02/2006', N'Quận Tân Bình', N'Nam', '2021-2024', N'Phạm Lương Quyền', N'Hoàng Như'),
('095', 'L103', 'TK0098', N'Phạm Quang Triệu', '18/03/2006', N'Quận Bình Tân', N'Nam', '2021-2024', N'Phạm Thế Duyệt', N'Hoàng Bảo Quỳnh'),
('096', 'L103', 'TK0099', N'Phạm Trí Hữu', '03/11/2006', N'Quận Gò Vấp', N'Nam', '2021-2024', N'Phạm Mạnh Dũng', N'Hoàng Bích Quyên'),
('097', 'L103', 'TK0100', N'Phạm Hoàng Nam', '13/07/2006', N'Huyện Nhà Bè', N'Nam', '2021-2024', N'Phạm Quang Khải', N'Hoàng Quỳnh Chi'),
('098', 'L103', 'TK0101', N'Phạm Gia Huấn', '23/01/2006', N'Quận 4', N'Nam', '2021-2024', N'Phạm Vũ Minh', N'Hoàng Thúy Ngà'),
('099', 'L103', 'TK0102', N'Hoàng Bảo Thanh', '17/04/2006', N'Quận Phú Nhuận', N'Nữ', '2021-2024', N'Võ Duy Hùng', N'Hoàng Thiên Hà'),
('100', 'L103', 'TK0103', N'Hoàng Thùy Anh', '14/05/2006', N'Huyện Nhà Bè', N'Nữ', '2021-2024', N'Võ Hữu Tâm', N'Hoàng Thanh Tuyết'),
('101', 'L103', 'TK0104', N'Hoàng Thiên Kim', '19/03/2006', N'Quận 8', N'Nữ', '2021-2024', N'Võ Gia Linh', N'Hoàng Thanh Yến'),
('102', 'L103', 'TK0105', N'Hoàng Kim Ngân', '25/10/2006', N'Huyện Bình Chánh', N'Nữ', '2021-2024', N'Võ Công Sơn', N'Hoàng Bảo Quỳnh'),
('103', 'L103', 'TK0106', N'Hoàng Diệp Anh', '09/02/2006', N'Huyện Hóc Môn', N'Nữ', '2021-2024', N'Võ Minh Ân', N'Ngô Nhã Linh'),
('104', 'L103', 'TK0107', N'Hoàng Như', '11/08/2006', N'Quận 5', N'Nữ', '2021-2024', N'Võ Quốc Hoàn', N'Ngô Cát Hải Đường'),
('105', 'L103', 'TK0108', N'Hoàng Bảo Quỳnh', '13/01/2006', N'Quận Gò Vấp', N'Nữ', '2021-2024', N'Võ Bá Thiện', N'Ngô Bích Ngọc'),
('106', 'L103', 'TK0109', N'Hoàng Bích Quyên', '14/11/2006', N'Huyện Củ Chi', N'Nữ', '2021-2024', N'Võ Cao Phong', N'Ngô Ngọc Thi'),
('107', 'L103', 'TK0110', N'Hoàng Quỳnh Chi', '01/06/2006', N'Quận 4', N'Nữ', '2021-2024', N'Võ Bảo Phúc', N'Ngô Nhã Linh'),
('108', 'L103', 'TK0111', N'Hoàng Thúy Ngà', '14/04/2006', N'Quận Thủ Đức', N'Nữ', '2021-2024', N'Võ Quốc Hạnh', N'Ngô Mai Hương'),
('109', 'L103', 'TK0112', N'Hoàng Thiên Hà', '10/08/2006', N'Quận 10', N'Nữ', '2021-2024', N'Võ Minh Khôi', N'Ngô Thùy My'),
('110', 'L103', 'TK0113', N'Hoàng Ái Hồng', '12/07/2006', N'Huyện Củ Chi', N'Nữ', '2021-2024', N'Võ Thành Doanh', N'Ngô Vân Hương'),
('111', 'L103', 'TK0114', N'Hoàng Cẩm Tú', '18/11/2006', N'Quận 2', N'Nữ', '2021-2024', N'Võ Minh Giang', N'Ngô Triệu Mẫn'),
('112', 'L103', 'TK0115', N'Hoàng Nhã Thanh', '30/06/2006', N'Quận 12', N'Nữ', '2021-2024', N'Võ Thanh Toản', N'Ngô Thúy Ngà'),
('113', 'L103', 'TK0116', N'Hoàng Bạch Trà', '13/06/2006', N'Quận 7', N'Nữ', '2021-2024', N'Võ Đăng Quang', N'Ngô Thảo Minh'),
('114', 'L103', 'TK0117', N'Ngô Quang Đông', '26/02/2006', N'Quận 8', N'Nam', '2021-2024', N'Võ Anh Quân', N'Ngô Thạch Thảo '),
('115', 'L103', 'TK0118', N'Ngô Công Sơn', '11/01/2006', N'Huyện Nhà Bè', N'Nam', '2021-2024', N'Võ Gia Kiên', N'Ngô Cẩm Hạnh'),
('116', 'L103', 'TK0119', N'Ngô Anh Tú', '19/09/2006', N'Huyện Bình Chánh', N'Nam', '2021-2024', N'Võ Ðình Thắng', N'Ngô Hằng'),
('117', 'L103', 'TK0120', N'Ngô Thiên', '31/01/2006', N'Quận Phú Nhuận', N'Nam', '2021-2024', N'Võ Ân Lai', N'Ngô Thu Cúc'),
('118', 'L103', 'TK0121', N'Ngô Hoài Trung', '29/09/2006', N'Quận 9', N'Nam', '2021-2024', N'Võ Hữu Hoàng', N'Ngô Bình Yên'),
('119', 'L103', 'TK0122', N'Ngô Việt Khôi', '01/12/2006', N'Huyện Cần Giờ', N'Nam', '2021-2024', N'Đặng Gia Nghị', N'Đỗ Thủy Hằng'),
('120', 'L103', 'TK0123', N'Ngô Nhật Quang', '20/01/2006', N'Huyện Bình Chánh', N'Nam', '2021-2024', N'Đặng Hữu Long', N'Đỗ Yến Linh'),
('121', 'L111', 'TK0124', N'Ngô Đăng Quang', '21/03/2005', N'Quận Thủ Đức', N'Nam', '2020-2023', N'Đặng Trung Nhân', N'Đỗ Bích Hiền'),
('122', 'L111', 'TK0125', N'Ngô Gia Hòa', '23/06/2005', N'Huyện Nhà Bè', N'Nam', '2020-2023', N'Đặng Đức Huy', N'Đỗ Cẩm Vân'),
('123', 'L111', 'TK0126', N'Ngô Hồng Sơn', '09/11/2005', N'Huyện Hóc Môn', N'Nam', '2020-2023', N'Đặng Quang Danh', N'Đỗ Đan Lê'),
('124', 'L111', 'TK0127', N'Ngô Trọng Tấn', '02/06/2005', N'Quận 12', N'Nam', '2020-2023', N'Đặng Quang Thạch', N'Đỗ Mỹ Linh'),
('125', 'L111', 'TK0128', N'Ngô Minh Kiệt', '03/12/2005', N'Quận 3', N'Nam', '2020-2023', N'Đặng Ngọc Phương', N'Đỗ Xuân Linh'),
('126', 'L111', 'TK0129', N'Ngô Phương Nam', '10/12/2005', N'Quận 1', N'Nam', '2020-2023', N'Đặng Khải Ca', N'Đỗ Kiều Anh'),
('127', 'L111', 'TK0130', N'Ngô Xuân Cao', '30/12/2005', N'Huyện Hóc Môn', N'Nam', '2020-2023', N'Đặng Lâm Ðông', N'Đỗ Vy'),
('128', 'L111', 'TK0131', N'Ngô Minh Thông', '30/03/2005', N'Quận 11', N'Nam', '2020-2023', N'Đặng Thế Doanh', N'Đỗ Trúc Chi'),
('129', 'L111', 'TK0132', N'Đỗ Thanh Hương', '05/08/2005', N'Huyện Bình Chánh', N'Nữ', '2020-2023', N'Phạm Quốc Thịnh', N'Phan Vy Bảo Thoa'),
('130', 'L111', 'TK0133', N'Đỗ Hảo', '19/10/2005', N'Huyện Hóc Môn', N'Nữ', '2020-2023', N'Phạm Hữu Cảnh', N'Phan Lệ Thu'),
('131', 'L111', 'TK0134', N'Đỗ Thu Phượng', '30/05/2005', N'Quận 3', N'Nữ', '2020-2023', N'Phạm Duy Khang', N'Phan Thiên Lan'),
('132', 'L111', 'TK0135', N'Đỗ Bạch Liên', '05/06/2005', N'Quận 2', N'Nữ', '2020-2023', N'Phạm Quang Hữu', N'Phan Mai Diễm Kiều'),
('133', 'L111', 'TK0136', N'Đỗ Thu Yến', '14/10/2005', N'Huyện Hóc Môn', N'Nữ', '2020-2023', N'Phạm Anh Tuấn', N'Phan Bích Ðiệp'),
('134', 'L111', 'TK0137', N'Đỗ Thủy Hằng', '07/10/2005', N'Quận 1', N'Nữ', '2020-2023', N'Phạm Ðại Hành', N'Hoàng Bạch Quỳnh'),
('135', 'L111', 'TK0138', N'Đỗ Yến Linh', '25/08/2005', N'Huyện Hóc Môn', N'Nữ', '2020-2023', N'Phạm Thế Bình', N'Hoàng Thiên Thảo'),
('136', 'L111', 'TK0139', N'Đỗ Bích Hiền', '07/06/2005', N'Quận Tân Phú', N'Nữ', '2020-2023', N'Phạm Quốc Huy', N'Hoàng Tuyết Thanh'),
('137', 'L111', 'TK0140', N'Đỗ Cẩm Vân', '10/05/2005', N'Huyện Củ Chi', N'Nữ', '2020-2023', N'Phạm Danh Thành', N'Phan Lan Hương'),
('138', 'L111', 'TK0141', N'Đỗ Đan Lê', '24/12/2005', N'Quận 11', N'Nữ', '2020-2023', N'Phạm Tuấn Hoàng', N'Phan Ái Hồng'),
('139', 'L111', 'TK0142', N'Đỗ Mỹ Linh', '13/08/2005', N'Quận 3', N'Nữ', '2020-2023', N'Phạm Quang Đạt', N'Phan Ngọc Lâm'),
('140', 'L111', 'TK0143', N'Đỗ Xuân Linh', '27/02/2005', N'Quận Thủ Đức', N'Nữ', '2020-2023', N'Phạm Quang Triệu', N'Phan Diệp'),
('141', 'L111', 'TK0144', N'Đỗ Kiều Anh', '28/04/2005', N'Quận Gò Vấp', N'Nữ', '2020-2023', N'Phạm Trí Hữu', N'Phan Yến Anh'),
('142', 'L111', 'TK0145', N'Đỗ Vy', '31/01/2005', N'Quận Tân Phú', N'Nữ', '2020-2023', N'Phạm Hoàng Nam', N'Phan Ái Hồng'),
('143', 'L111', 'TK0146', N'Đỗ Trúc Chi', '15/05/2005', N'Quận 6', N'Nữ', '2020-2023', N'Phạm Gia Huấn', N'Phan Ngọc Lâm'),
('144', 'L111', 'TK0147', N'Ngô Thiện Ân', '14/11/2005', N'Huyện Củ Chi', N'Nam', '2020-2023', N'Phạm Phước Sơn', N'Hoàng Mỹ Nhân'),
('145', 'L111', 'TK0148', N'Ngô Ngọc Hiển', '22/12/2005', N'Quận 9', N'Nam', '2020-2023', N'Phạm Quốc Hoài', N'Hoàng Thu Hoài'),
('146', 'L111', 'TK0149', N'Ngô Thăng Long', '27/07/2005', N'Huyện Củ Chi', N'Nam', '2020-2023', N'Phạm Hiểu Minh', N'Hoàng Thu Hương'),
('147', 'L111', 'TK0150', N'Ngô Uy Phong', '24/01/2005', N'Quận Thủ Đức', N'Nam', '2020-2023', N'Phạm Gia Khánh', N'Hoàng Hà Phương'),
('148', 'L111', 'TK0151', N'Ngô Quang Ninh', '11/05/2005', N'Huyện Bình Chánh', N'Nam', '2020-2023', N'Phạm Việt Khải', N'Hoàng Quế Linh'),
('149', 'L111', 'TK0152', N'Ngô Minh Danh', '06/05/2005', N'Quận 12', N'Nam', '2020-2023', N'Phạm Thanh Chúc', N'Hoàng Ngọc Thơ'),
('150', 'L111', 'TK0153', N'Ngô Hữu Phước', '17/01/2005', N'Quận 12', N'Nam', '2020-2023', N'Phạm Thành Ðạt', N'Hoàng Thảo Minh'),
('151', 'L112', 'TK0154', N'Ngô Ðức Hòa', '25/01/2005', N'Huyện Bình Chánh', N'Nam', '2020-2023', N'Phạm Ðăng An', N'Hoàng Hồng Ánh'),
('152', 'L112', 'TK0155', N'Ngô Hùng Anh', '18/05/2005', N'Quận 8', N'Nam', '2020-2023', N'Phạm Quang Linh', N'Hoàng Nguyệt Uyển'),
('153', 'L112', 'TK0156', N'Ngô Nghĩa Dũng', '27/08/2005', N'Huyện Củ Chi', N'Nam', '2020-2023', N'Phạm An Nguyên', N'Hoàng Khánh Ngân'),
('154', 'L112', 'TK0157', N'Ngô Việt An', '20/06/2005', N'Quận 9', N'Nam', '2020-2023', N'Phạm Lương Quyền', N'Hoàng Hạc Cúc'),
('155', 'L112', 'TK0158', N'Ngô Thống Nhất', '01/05/2005', N'Quận 3', N'Nam', '2020-2023', N'Phạm Thế Duyệt', N'Hoàng Thanh Tuyết'),
('156', 'L112', 'TK0159', N'Ngô Kim Thông', '07/10/2005', N'Huyện Củ Chi', N'Nam', '2020-2023', N'Phạm Mạnh Dũng', N'Hoàng Thanh Yến'),
('157', 'L112', 'TK0160', N'Ngô Tùng Lâm', '23/10/2005', N'Quận 10', N'Nam', '2020-2023', N'Phạm Quang Khải', N'Hoàng Bảo Quỳnh'),
('158', 'L112', 'TK0161', N'Ngô Phú Hải', '28/05/2005', N'Quận 6', N'Nam', '2020-2023', N'Phạm Vũ Minh', N'Ngô Nhã Linh'),
('159', 'L112', 'TK0162', N'Đoàn Yên Ðan', '25/05/2005', N'Quận 1', N'Nữ', '2020-2023', N'Trần Việt Cường', N'Ngô Cát Hải Đường'),
('160', 'L112', 'TK0163', N'Đoàn Trân', '25/02/2005', N'Quận Phú Nhuận', N'Nữ', '2020-2023', N'Trần Ðình Lộc', N'Ngô Bích Ngọc'),
('161', 'L112', 'TK0164', N'Đoàn Hạ Giang', '17/12/2005', N'Quận Gò Vấp', N'Nữ', '2020-2023', N'Trần Bảo Anh', N'Ngô Ngọc Thi'),
('162', 'L112', 'TK0165', N'Đoàn Xuân Thanh', '25/05/2005', N'Quận Bình Thạnh', N'Nữ', '2020-2023', N'Trần Hoàng Mỹ', N'Ngô Nhã Linh'),
('163', 'L112', 'TK0166', N'Đoàn Thiện Mỹ', '13/02/2005', N'Huyện Nhà Bè', N'Nữ', '2020-2023', N'Trần Việt Nhân', N'Ngô Mai Hương'),
('164', 'L112', 'TK0167', N'Đoàn Tuyết Chi', '03/06/2005', N'Quận 3', N'Nữ', '2020-2023', N'Trần Việt Anh', N'Ngô Thùy My'),
('165', 'L112', 'TK0168', N'Đoàn Kim Dung', '27/04/2005', N'Huyện Bình Chánh', N'Nữ', '2020-2023', N'Trần Ðình Hảo', N'Ngô Vân Hương'),
('166', 'L112', 'TK0169', N'Đoàn Thủy Nguyệt', '12/11/2005', N'Quận Bình Tân', N'Nữ', '2020-2023', N'Trần Ðình Hảo', N'Ngô Triệu Mẫn'),
('167', 'L112', 'TK0170', N'Đoàn Thanh Ngọc', '06/11/2005', N'Quận Phú Nhuận', N'Nữ', '2020-2023', N'Võ Quốc Hoàn', N'Ngô Thúy Ngà'),
('168', 'L112', 'TK0171', N'Đoàn Thu Hà', '19/04/2005', N'Quận Phú Nhuận', N'Nữ', '2020-2023', N'Võ Bá Thiện', N'Ngô Thảo Minh'),
('169', 'L112', 'TK0172', N'Đoàn Bảo Tiên', '07/09/2005', N'Quận Phú Nhuận', N'Nữ', '2020-2023', N'Võ Cao Phong', N'Ngô Thạch Thảo '),
('170', 'L112', 'TK0173', N'Đoàn Vân Hương', '18/12/2005', N'Quận 11', N'Nữ', '2020-2023', N'Võ Bảo Phúc', N'Ngô Cẩm Hạnh'),
('171', 'L112', 'TK0174', N'Đoàn Tuyết Băng', '16/10/2005', N'Huyện Cần Giờ', N'Nữ', '2020-2023', N'Võ Quốc Hạnh', N'Ngô Hằng'),
('172', 'L112', 'TK0175', N'Đoàn Thanh Hà', '15/03/2005', N'Quận 7', N'Nữ', '2020-2023', N'Võ Minh Khôi', N'Ngô Thu Cúc'),
('173', 'L112', 'TK0176', N'Đoàn Bảo Anh', '09/10/2005', N'Huyện Củ Chi', N'Nữ', '2020-2023', N'Võ Thành Doanh', N'Ngô Bình Yên'),
('174', 'L112', 'TK0177', N'Lê Ðắc Trọng', '22/10/2005', N'Quận 1', N'Nam', '2020-2023', N'Võ Minh Giang', N'Hoàng Bảo Thanh'),
('175', 'L112', 'TK0178', N'Lê Minh Danh', '09/01/2005', N'Quận 1', N'Nam', '2020-2023', N'Võ Thanh Toản', N'Hoàng Thùy Anh'),
('176', 'L112', 'TK0179', N'Lê Ðại Dương', '17/01/2005', N'Quận 8', N'Nam', '2020-2023', N'Võ Đăng Quang', N'Hoàng Thiên Kim'),
('177', 'L112', 'TK0180', N'Lê Quang Thạch', '03/01/2005', N'Quận 6', N'Nam', '2020-2023', N'Võ Anh Quân', N'Hoàng Kim Ngân'),
('178', 'L112', 'TK0181', N'Lê Gia Kiệt', '21/10/2005', N'Quận Bình Thạnh', N'Nam', '2020-2023', N'Võ Gia Kiên', N'Hoàng Diệp Anh'),
('179', 'L112', 'TK0182', N'Lê Hải Phong', '09/11/2005', N'Quận Bình Thạnh', N'Nam', '2020-2023', N'Võ Ðình Thắng', N'Hoàng Như'),
('180', 'L112', 'TK0183', N'Lê Quảng Ðạt', '17/07/2005', N'Quận 5', N'Nam', '2020-2023', N'Võ Ân Lai', N'Hoàng Bảo Quỳnh'),
('181', 'L113', 'TK0184', N'Lê Quang Ninh', '28/10/2005', N'Quận Phú Nhuận', N'Nam', '2020-2023', N'Võ Hữu Hoàng', N'Hoàng Bích Quyên'),
('182', 'L113', 'TK0185', N'Lê Gia Hoàng', '01/02/2005', N'Quận 5', N'Nam', '2020-2023', N'Ngô Quang Đông', N'Hoàng Quỳnh Chi'),
('183', 'L113', 'TK0186', N'Lê Hoàng Duệ', '10/06/2005', N'Quận 5', N'Nam', '2020-2023', N'Ngô Công Sơn', N'Hoàng Thúy Ngà'),
('184', 'L113', 'TK0187', N'Lê Tuấn Hải', '10/08/2005', N'Quận Bình Thạnh', N'Nam', '2020-2023', N'Ngô Anh Tú', N'Hoàng Thiên Hà'),
('185', 'L113', 'TK0188', N'Lê Thiên An', '15/12/2005', N'Quận Bình Thạnh', N'Nam', '2020-2023', N'Ngô Thiên', N'Hoàng Ái Hồng'),
('186', 'L113', 'TK0189', N'Lê Hùng Cường', '27/08/2005', N'Huyện Nhà Bè', N'Nam', '2020-2023', N'Ngô Hoài Trung', N'Hoàng Cẩm Tú'),
('187', 'L113', 'TK0190', N'Lê Phương Nam', '26/03/2005', N'Quận Bình Tân', N'Nam', '2020-2023', N'Ngô Việt Khôi', N'Hoàng Nhã Thanh'),
('188', 'L113', 'TK0191', N'Lê Quang Thuận', '14/03/2005', N'Huyện Bình Chánh', N'Nam', '2020-2023', N'Phạm Anh Tuấn', N'Hoàng Bạch Trà'),
('189', 'L113', 'TK0192', N'Hoàng Minh Phương', '22/09/2005', N'Quận Bình Thạnh', N'Nữ', '2020-2023', N'Phạm Quốc Thịnh', N'Hoàng Tuyết Trinh'),
('190', 'L113', 'TK0193', N'Hoàng Mỹ Nhân', '18/12/2005', N'Quận 8', N'Nữ', '2020-2023', N'Phạm Hữu Cảnh', N'Hoàng Quỳnh'),
('191', 'L113', 'TK0194', N'Hoàng Thu Hoài', '02/09/2005', N'Quận 11', N'Nữ', '2020-2023', N'Phạm Duy Khang', N'Hoàng Nguyết Ánh'),
('192', 'L113', 'TK0195', N'Hoàng Thu Hương', '24/07/2005', N'Quận 8', N'Nữ', '2020-2023', N'Phạm Quang Hữu', N'Hoàng Thảo Nhi'),
('193', 'L113', 'TK0196', N'Hoàng Hà Phương', '25/05/2005', N'Quận 9', N'Nữ', '2020-2023', N'Phạm Anh Tuấn', N'Hoàng Minh Anh'),
('194', 'L113', 'TK0197', N'Hoàng Quế Linh', '02/08/2005', N'Quận 8', N'Nữ', '2020-2023', N'Phạm Ðại Hành', N'Hoàng Thu Thủy'),
('195', 'L113', 'TK0198', N'Hoàng Ngọc Thơ', '07/02/2005', N'Quận 12', N'Nữ', '2020-2023', N'Phạm Thế Bình', N'Hoàng Mỹ Dung'),
('196', 'L113', 'TK0199', N'Hoàng Thảo Minh', '05/06/2005', N'Quận 2', N'Nữ', '2020-2023', N'Phạm Quốc Huy', N'Hoàng Thiên Giang'),
('197', 'L113', 'TK0200', N'Hoàng Hồng Ánh', '15/06/2005', N'Huyện Bình Chánh', N'Nữ', '2020-2023', N'Phạm Danh Thành', N'Hoàng Từ Ân'),
('198', 'L113', 'TK0201', N'Hoàng Nguyệt Uyển', '23/08/2005', N'Huyện Hóc Môn', N'Nữ', '2020-2023', N'Phạm Tuấn Hoàng', N'Hoàng Diễm Anh'),
('199', 'L113', 'TK0202', N'Hoàng Khánh Ngân', '23/07/2005', N'Quận Phú Nhuận', N'Nữ', '2020-2023', N'Phạm Quang Đạt', N'Hoàng Nhung'),
('200', 'L113', 'TK0203', N'Hoàng Hạc Cúc', '24/04/2005', N'Huyện Hóc Môn', N'Nữ', '2020-2023', N'Phạm Quang Triệu', N'Hoàng Bạch Quỳnh'),
('201', 'L113', 'TK0204', N'Hoàng Thanh Tuyết', '08/04/2005', N'Quận 7', N'Nữ', '2020-2023', N'Phạm Trí Hữu', N'Hoàng Thiên Thảo'),
('202', 'L113', 'TK0205', N'Hoàng Thanh Yến', '15/10/2005', N'Huyện Cần Giờ', N'Nữ', '2020-2023', N'Phạm Hoàng Nam', N'Hoàng Tuyết Thanh'),
('203', 'L113', 'TK0206', N'Hoàng Bảo Quỳnh', '23/05/2005', N'Quận Bình Tân', N'Nữ', '2020-2023', N'Phạm Gia Huấn', N'Hoàng Minh Châu'),
('204', 'L113', 'TK0207', N'Đặng Xuân Thuyết', '11/02/2005', N'Quận 11', N'Nam', '2020-2023', N'Ngô Thiện Ân', N'Ngô Cát Hải Đường'),
('205', 'L113', 'TK0208', N'Đặng Phúc Ðiền', '11/02/2005', N'Quận 9', N'Nam', '2020-2023', N'Ngô Ngọc Hiển', N'Ngô Bích Ngọc'),
('206', 'L113', 'TK0209', N'Đặng Trọng Chính', '04/01/2005', N'Huyện Bình Chánh', N'Nam', '2020-2023', N'Ngô Thăng Long', N'Ngô Ngọc Thi'),
('207', 'L113', 'TK0210', N'Đặng Vạn Thắng', '25/02/2005', N'Quận 2', N'Nam', '2020-2023', N'Ngô Uy Phong', N'Ngô Nhã Linh'),
('208', 'L113', 'TK0211', N'Đặng Bảo Quốc', '18/11/2005', N'Quận 3', N'Nam', '2020-2023', N'Ngô Quang Ninh', N'Ngô Mai Hương'),
('209', 'L113', 'TK0212', N'Đặng Gia Nghị', '20/12/2005', N'Quận 4', N'Nam', '2020-2023', N'Ngô Minh Danh', N'Ngô Thùy My'),
('210', 'L113', 'TK0213', N'Đặng Hữu Long', '27/08/2005', N'Quận Tân Bình', N'Nam', '2020-2023', N'Ngô Hữu Phước', N'Ngô Vân Hương'),
('211', 'L121', 'TK0214', N'Đặng Trung Nhân', '09/12/2004', N'Quận Bình Tân', N'Nam', '2019-2022', N'Ngô Ðức Hòa', N'Ngô Triệu Mẫn'),
('212', 'L121', 'TK0215', N'Đặng Đức Huy', '01/06/2004', N'Huyện Bình Chánh', N'Nam', '2019-2022', N'Ngô Hùng Anh', N'Ngô Thúy Ngà'),
('213', 'L121', 'TK0216', N'Đặng Quang Danh', '28/07/2004', N'Quận Thủ Đức', N'Nam', '2019-2022', N'Ngô Nghĩa Dũng', N'Ngô Thảo Minh'),
('214', 'L121', 'TK0217', N'Đặng Quang Thạch', '29/08/2004', N'Quận Thủ Đức', N'Nam', '2019-2022', N'Ngô Việt An', N'Ngô Thạch Thảo '),
('215', 'L121', 'TK0218', N'Đặng Ngọc Phương', '06/04/2004', N'Quận 4', N'Nam', '2019-2022', N'Ngô Thống Nhất', N'Ngô Cẩm Hạnh'),
('216', 'L121', 'TK0219', N'Đặng Khải Ca', '09/06/2004', N'Quận 5', N'Nam', '2019-2022', N'Ngô Kim Thông', N'Ngô Hằng'),
('217', 'L121', 'TK0220', N'Đặng Lâm Ðông', '14/11/2004', N'Quận Bình Thạnh', N'Nam', '2019-2022', N'Ngô Tùng Lâm', N'Ngô Thu Cúc'),
('218', 'L121', 'TK0221', N'Đặng Thế Doanh', '19/05/2004', N'Quận Phú Nhuận', N'Nam', '2019-2022', N'Ngô Phú Hải', N'Ngô Bình Yên'),
('219', 'L121', 'TK0222', N'Hoàng Tuyết Trinh', '08/04/2004', N'Quận 8', N'Nữ', '2019-2022', N'Phạm Gia Khánh', N'Phan Cẩm Nhung'),
('220', 'L121', 'TK0223', N'Hoàng Quỳnh', '06/08/2004', N'Quận 8', N'Nữ', '2019-2022', N'Phạm Việt Khải', N'Phan Mai Hương'),
('221', 'L121', 'TK0224', N'Hoàng Nguyết Ánh', '16/03/2004', N'Quận 6', N'Nữ', '2019-2022', N'Phạm Thanh Chúc', N'Phan Lan Hương'),
('222', 'L121', 'TK0225', N'Hoàng Thảo Nhi', '31/08/2004', N'Quận Bình Thạnh', N'Nữ', '2019-2022', N'Phạm Thành Ðạt', N'Phan Ái Hồng'),
('223', 'L121', 'TK0226', N'Hoàng Minh Anh', '26/06/2004', N'Quận 6', N'Nữ', '2019-2022', N'Phạm Ðăng An', N'Phan Ngọc Lâm'),
('224', 'L121', 'TK0227', N'Hoàng Thu Thủy', '13/10/2004', N'Huyện Hóc Môn', N'Nữ', '2019-2022', N'Phạm Quang Linh', N'Phan Diệp'),
('225', 'L121', 'TK0228', N'Hoàng Mỹ Dung', '01/08/2004', N'Quận 11', N'Nữ', '2019-2022', N'Phạm An Nguyên', N'Phan Yến Anh'),
('226', 'L121', 'TK0229', N'Hoàng Thiên Giang', '07/07/2004', N'Quận 10', N'Nữ', '2019-2022', N'Phạm Lương Quyền', N'Phan Thanh Phương'),
('227', 'L121', 'TK0230', N'Hoàng Từ Ân', '31/10/2004', N'Quận 1', N'Nữ', '2019-2022', N'Phạm Thế Duyệt', N'Phan Ngọc Ánh'),
('228', 'L121', 'TK0231', N'Hoàng Diễm Anh', '20/08/2004', N'Huyện Củ Chi', N'Nữ', '2019-2022', N'Phạm Mạnh Dũng', N'Phan Vy Bảo Thoa'),
('229', 'L121', 'TK0232', N'Hoàng Nhung', '21/02/2004', N'Quận 11', N'Nữ', '2019-2022', N'Phạm Quang Khải', N'Phan Lệ Thu'),
('230', 'L121', 'TK0233', N'Hoàng Bạch Quỳnh', '18/10/2004', N'Huyện Bình Chánh', N'Nữ', '2019-2022', N'Phạm Vũ Minh', N'Phan Thiên Lan'),
('231', 'L121', 'TK0234', N'Hoàng Thiên Thảo', '22/12/2004', N'Quận 8', N'Nữ', '2019-2022', N'Đặng Trọng Chính', N'Phan Mai Diễm Kiều'),
('232', 'L121', 'TK0235', N'Hoàng Tuyết Thanh', '21/05/2004', N'Quận Bình Tân', N'Nữ', '2019-2022', N'Đặng Vạn Thắng', N'Phan Bích Ðiệp'),
('233', 'L121', 'TK0236', N'Hoàng Minh Châu', '22/04/2004', N'Quận Bình Tân', N'Nữ', '2019-2022', N'Đặng Bảo Quốc', N'Phan Thảo Uyên'),
('234', 'L121', 'TK0237', N'Phạm Phước Sơn', '03/12/2004', N'Quận Bình Thạnh', N'Nam', '2019-2022', N'Ngô Thiện Ân', N'Hoàng Tuyết Trinh'),
('235', 'L121', 'TK0238', N'Phạm Quốc Hoài', '31/03/2004', N'Quận 8', N'Nam', '2019-2022', N'Ngô Ngọc Hiển', N'Hoàng Quỳnh'),
('236', 'L121', 'TK0239', N'Phạm Hiểu Minh', '02/04/2004', N'Quận 10', N'Nam', '2019-2022', N'Ngô Thăng Long', N'Hoàng Nguyết Ánh'),
('237', 'L121', 'TK0240', N'Phạm Gia Khánh', '20/12/2004', N'Huyện Bình Chánh', N'Nam', '2019-2022', N'Ngô Uy Phong', N'Hoàng Thảo Nhi'),
('238', 'L121', 'TK0241', N'Phạm Việt Khải', '09/10/2004', N'Quận Bình Tân', N'Nam', '2019-2022', N'Ngô Quang Ninh', N'Hoàng Minh Anh'),
('239', 'L121', 'TK0242', N'Phạm Thanh Chúc', '17/04/2004', N'Quận 6', N'Nam', '2019-2022', N'Ngô Minh Danh', N'Hoàng Thu Thủy'),
('240', 'L121', 'TK0243', N'Phạm Thành Ðạt', '02/02/2004', N'Huyện Hóc Môn', N'Nam', '2019-2022', N'Ngô Hữu Phước', N'Hoàng Mỹ Dung'),
('241', 'L122', 'TK0244', N'Phạm Ðăng An', '14/05/2004', N'Quận 7', N'Nam', '2019-2022', N'Ngô Ðức Hòa', N'Hoàng Thiên Giang'),
('242', 'L122', 'TK0245', N'Phạm Quang Linh', '13/12/2004', N'Quận 6', N'Nam', '2019-2022', N'Ngô Hùng Anh', N'Hoàng Từ Ân'),
('243', 'L122', 'TK0246', N'Phạm An Nguyên', '22/04/2004', N'Quận Tân Phú', N'Nam', '2019-2022', N'Ngô Nghĩa Dũng', N'Hoàng Diễm Anh'),
('244', 'L122', 'TK0247', N'Phạm Lương Quyền', '29/08/2004', N'Quận 4', N'Nam', '2019-2022', N'Ngô Việt An', N'Hoàng Nhung'),
('245', 'L122', 'TK0248', N'Phạm Thế Duyệt', '19/01/2004', N'Quận Tân Phú', N'Nam', '2019-2022', N'Ngô Thống Nhất', N'Hoàng Bạch Quỳnh'),
('246', 'L122', 'TK0249', N'Phạm Mạnh Dũng', '11/04/2004', N'Quận Bình Tân', N'Nam', '2019-2022', N'Ngô Kim Thông', N'Hoàng Thiên Thảo'),
('247', 'L122', 'TK0250', N'Phạm Quang Khải', '10/05/2004', N'Quận Tân Phú', N'Nam', '2019-2022', N'Ngô Tùng Lâm', N'Hoàng Tuyết Thanh'),
('248', 'L122', 'TK0251', N'Phạm Vũ Minh', '11/11/2004', N'Quận 3', N'Nam', '2019-2022', N'Ngô Phú Hải', N'Hoàng Minh Châu'),
('249', 'L122', 'TK0252', N'Ngô Cát Hải Đường', '03/07/2004', N'Quận 4', N'Nữ', '2019-2022', N'Trần Việt Cường', N'Hoàng Quỳnh'),
('250', 'L122', 'TK0253', N'Ngô Bích Ngọc', '27/06/2004', N'Quận 7', N'Nữ', '2019-2022', N'Trần Ðình Lộc', N'Hoàng Nguyết Ánh'),
('251', 'L122', 'TK0254', N'Ngô Ngọc Thi', '17/12/2004', N'Quận 3', N'Nữ', '2019-2022', N'Trần Bảo Anh', N'Hoàng Thảo Nhi'),
('252', 'L122', 'TK0255', N'Ngô Nhã Linh', '19/06/2004', N'Quận Tân Bình', N'Nữ', '2019-2022', N'Trần Hoàng Mỹ', N'Hoàng Minh Anh'),
('253', 'L122', 'TK0256', N'Ngô Mai Hương', '12/10/2004', N'Huyện Củ Chi', N'Nữ', '2019-2022', N'Trần Việt Nhân', N'Hoàng Thu Thủy'),
('254', 'L122', 'TK0257', N'Ngô Thùy My', '26/12/2004', N'Quận 8', N'Nữ', '2019-2022', N'Trần Việt Anh', N'Hoàng Mỹ Dung'),
('255', 'L122', 'TK0258', N'Ngô Vân Hương', '21/06/2004', N'Quận Gò Vấp', N'Nữ', '2019-2022', N'Trần Ðình Hảo', N'Hoàng Thiên Giang'),
('256', 'L122', 'TK0259', N'Ngô Triệu Mẫn', '20/07/2004', N'Quận 10', N'Nữ', '2019-2022', N'Đặng Vạn Thắng', N'Hoàng Từ Ân'),
('257', 'L122', 'TK0260', N'Ngô Thúy Ngà', '23/03/2004', N'Huyện Hóc Môn', N'Nữ', '2019-2022', N'Đặng Bảo Quốc', N'Hoàng Diễm Anh'),
('258', 'L122', 'TK0261', N'Ngô Thảo Minh', '03/08/2004', N'Quận 8', N'Nữ', '2019-2022', N'Đặng Gia Nghị', N'Hoàng Nhung'),
('259', 'L122', 'TK0262', N'Ngô Thạch Thảo ', '28/10/2004', N'Quận 4', N'Nữ', '2019-2022', N'Đặng Hữu Long', N'Hoàng Bạch Quỳnh'),
('260', 'L122', 'TK0263', N'Ngô Cẩm Hạnh', '19/01/2004', N'Quận Bình Tân', N'Nữ', '2019-2022', N'Đặng Trung Nhân', N'Hoàng Thiên Thảo'),
('261', 'L122', 'TK0264', N'Ngô Hằng', '14/12/2004', N'Quận 11', N'Nữ', '2019-2022', N'Đặng Đức Huy', N'Hoàng Tuyết Thanh'),
('262', 'L122', 'TK0265', N'Ngô Thu Cúc', '22/10/2004', N'Quận Thủ Đức', N'Nữ', '2019-2022', N'Đặng Quang Danh', N'Phan Lan Hương'),
('263', 'L122', 'TK0266', N'Ngô Bình Yên', '27/03/2004', N'Quận Phú Nhuận', N'Nữ', '2019-2022', N'Đặng Quang Thạch', N'Phan Ái Hồng'),
('264', 'L122', 'TK0267', N'Nguyễn Tuấn Vũ', '09/07/2004', N'Quận Phú Nhuận', N'Nam', '2019-2022', N'Đặng Ngọc Phương', N'Phan Ngọc Lâm'),
('265', 'L122', 'TK0268', N'Nguyễn Ðình Dương', '13/06/2004', N'Quận 4', N'Nam', '2019-2022', N'Đặng Khải Ca', N'Phan Diệp'),
('266', 'L122', 'TK0269', N'Nguyễn Gia Cẩn', '16/08/2004', N'Quận 2', N'Nam', '2019-2022', N'Đặng Phúc Ðiền', N'Phan Yến Anh'),
('267', 'L122', 'TK0270', N'Nguyễn Trung Kiên', '05/04/2004', N'Huyện Bình Chánh', N'Nam', '2019-2022', N'Đặng Trọng Chính', N'Phan Ái Hồng'),
('268', 'L122', 'TK0271', N'Nguyễn Sỹ Ðan', '08/04/2004', N'Quận Bình Tân', N'Nam', '2019-2022', N'Đặng Vạn Thắng', N'Phan Ngọc Lâm'),
('269', 'L122', 'TK0272', N'Nguyễn Nhật Nam', '16/06/2004', N'Quận 11', N'Nam', '2019-2022', N'Đặng Bảo Quốc', N'Phan Diệp'),
('270', 'L122', 'TK0273', N'Nguyễn Thanh Sơn', '10/07/2004', N'Quận Thủ Đức', N'Nam', '2019-2022', N'Đặng Gia Nghị', N'Phan Yến Anh'),
('271', 'L123', 'TK0274', N'Nguyễn Tấn Phát', '11/10/2004', N'Huyện Bình Chánh', N'Nam', '2019-2022', N'Đặng Hữu Long', N'Phan Thanh Phương'),
('272', 'L123', 'TK0275', N'Nguyễn Ðông Hải', '24/01/2004', N'Quận 9', N'Nam', '2019-2022', N'Đặng Trung Nhân', N'Phan Ngọc Ánh'),
('273', 'L123', 'TK0276', N'Nguyễn Quốc Tiến', '28/04/2004', N'Huyện Cần Giờ', N'Nam', '2019-2022', N'Đặng Đức Huy', N'Phan Vy Bảo Thoa'),
('274', 'L123', 'TK0277', N'Nguyễn Hùng Ngọc', '13/05/2004', N'Quận Tân Bình', N'Nam', '2019-2022', N'Đặng Quang Danh', N'Phan Lệ Thu'),
('275', 'L123', 'TK0278', N'Nguyễn Toàn Thắng', '04/03/2004', N'Quận 8', N'Nam', '2019-2022', N'Đặng Quang Thạch', N'Phan Thiên Lan'),
('276', 'L123', 'TK0279', N'Nguyễn Tuấn Hoàng', '29/04/2004', N'Quận 9', N'Nam', '2019-2022', N'Đặng Ngọc Phương', N'Phan Mai Diễm Kiều'),
('277', 'L123', 'TK0280', N'Nguyễn Đăng Khoa', '13/04/2004', N'Quận 12', N'Nam', '2019-2022', N'Đặng Khải Ca', N'Phan Bích Ðiệp'),
('278', 'L123', 'TK0281', N'Nguyễn Duy Khang', '23/02/2004', N'Quận Tân Bình', N'Nam', '2019-2022', N'Đặng Lâm Ðông', N'Phan Thảo Uyên'),
('279', 'L123', 'TK0282', N'Phan Cẩm Nhung', '30/12/2004', N'Quận 9', N'Nữ', '2019-2022', N'Đặng Thế Doanh', N'Ngô Cẩm Hạnh'),
('280', 'L123', 'TK0283', N'Phan Mai Hương', '02/01/2004', N'Quận 2', N'Nữ', '2019-2022', N'Phạm Quốc Hoài', N'Ngô Hằng'),
('281', 'L123', 'TK0284', N'Phan Lan Hương', '10/11/2004', N'Quận 8', N'Nữ', '2019-2022', N'Phạm Hiểu Minh', N'Ngô Thu Cúc'),
('282', 'L123', 'TK0285', N'Phan Ái Hồng', '09/06/2004', N'Huyện Bình Chánh', N'Nữ', '2019-2022', N'Phạm Gia Khánh', N'Ngô Bình Yên'),
('283', 'L123', 'TK0286', N'Phan Ngọc Lâm', '06/04/2004', N'Quận 5', N'Nữ', '2019-2022', N'Phạm Việt Khải', N'Đỗ Thủy Hằng'),
('284', 'L123', 'TK0287', N'Phan Diệp', '02/01/2004', N'Huyện Hóc Môn', N'Nữ', '2019-2022', N'Phạm Thanh Chúc', N'Đỗ Yến Linh'),
('285', 'L123', 'TK0288', N'Phan Yến Anh', '20/04/2004', N'Quận 3', N'Nữ', '2019-2022', N'Phạm Thành Ðạt', N'Đỗ Bích Hiền'),
('286', 'L123', 'TK0289', N'Phan Thanh Phương', '24/06/2004', N'Quận 6', N'Nữ', '2019-2022', N'Phạm Ðăng An', N'Đỗ Cẩm Vân'),
('287', 'L123', 'TK0290', N'Phan Ngọc Ánh', '10/08/2004', N'Quận 2', N'Nữ', '2019-2022', N'Phạm Quang Linh', N'Hoàng Bạch Quỳnh'),
('288', 'L123', 'TK0291', N'Phan Vy Bảo Thoa', '01/02/2004', N'Quận Bình Tân', N'Nữ', '2019-2022', N'Phạm An Nguyên', N'Hoàng Thiên Thảo'),
('289', 'L123', 'TK0292', N'Phan Lệ Thu', '18/10/2004', N'Huyện Hóc Môn', N'Nữ', '2019-2022', N'Phạm Lương Quyền', N'Hoàng Tuyết Thanh'),
('290', 'L123', 'TK0293', N'Phan Thiên Lan', '11/12/2004', N'Quận Bình Tân', N'Nữ', '2019-2022', N'Phạm Thế Duyệt', N'Phan Lan Hương'),
('291', 'L123', 'TK0294', N'Phan Mai Diễm Kiều', '02/03/2004', N'Quận Thủ Đức', N'Nữ', '2019-2022', N'Phạm Mạnh Dũng', N'Phan Ái Hồng'),
('292', 'L123', 'TK0295', N'Phan Bích Ðiệp', '16/06/2004', N'Quận Bình Tân', N'Nữ', '2019-2022', N'Phạm Quang Khải', N'Phan Ngọc Lâm'),
('293', 'L123', 'TK0296', N'Phan Thảo Uyên', '30/10/2004', N'Quận Bình Tân', N'Nữ', '2019-2022', N'Phạm Vũ Minh', N'Phan Diệp'),
('294', 'L123', 'TK0297', N'Trần Việt Cường', '09/09/2004', N'Huyện Cần Giờ', N'Nam', '2019-2022', N'Đặng Gia Nghị', N'Phan Yến Anh'),
('295', 'L123', 'TK0298', N'Trần Ðình Lộc', '03/07/2004', N'Quận Tân Bình', N'Nam', '2019-2022', N'Đặng Hữu Long', N'Phan Ái Hồng'),
('296', 'L123', 'TK0299', N'Trần Bảo Anh', '26/01/2004', N'Huyện Củ Chi', N'Nam', '2019-2022', N'Đặng Trung Nhân', N'Phan Ngọc Lâm'),
('297', 'L123', 'TK0300', N'Trần Hoàng Mỹ', '18/12/2004', N'Quận 3', N'Nam', '2019-2022', N'Đặng Đức Huy', N'Nguyễn Hoàn Châu'),
('298', 'L123', 'TK0301', N'Trần Việt Nhân', '12/06/2004', N'Quận 2', N'Nam', '2019-2022', N'Đặng Quang Danh', N'Nguyễn Vy Linh San'),
('299', 'L123', 'TK0302', N'Trần Việt Anh', '18/12/2004', N'Quận 12', N'Nam', '2019-2022', N'Đặng Quang Thạch', N'Nguyễn Thảo Nhi'),
('300', 'L123', 'TK0303', N'Trần Ðình Hảo', '10/01/2004', N'Quận 5', N'Nam', '2019-2022', N'Đặng Ngọc Phương', N'Nguyễn Chiêu Minh')


INSERT INTO LOAIKIEMTRA(MALOAIKT, TENLOAIKT)
	VALUES('DTX1', 'DDGTX1'),
		  ('DTX2', 'DDGTX2'),
		  ('DTX3', 'DDGTX3'),
		  ('DTX4', 'DDGTX4'),
		  ('DGK', 'DDGGK'),
		  ('DCK', 'DDGCK')


INSERT INTO GIANGDAY(MAGV, MALOP)
	VALUES
	
('GV001', 'L101'),
('GV004', 'L101'),
('GV007', 'L101'),
('GV010', 'L101'),
('GV013', 'L101'),
('GV016', 'L101'),
('GV017', 'L101'),
('GV018', 'L101'),
('GV019', 'L101'),
('GV020', 'L101'),
('GV021', 'L101'),
('GV022', 'L101'),
('GV023', 'L101'),
('GV002', 'L102'),
('GV005', 'L102'),
('GV008', 'L102'),
('GV011', 'L102'),
('GV014', 'L102'),
('GV016', 'L102'),
('GV017', 'L102'),
('GV018', 'L102'),
('GV019', 'L102'),
('GV020', 'L102'),
('GV021', 'L102'),
('GV022', 'L102'),
('GV023', 'L102'),
('GV003', 'L103'),
('GV006', 'L103'),
('GV009', 'L103'),
('GV012', 'L103'),
('GV015', 'L103'),
('GV016', 'L103'),
('GV017', 'L103'),
('GV018', 'L103'),
('GV019', 'L103'),
('GV020', 'L103'),
('GV021', 'L103'),
('GV022', 'L103'),
('GV023', 'L103'),
('GV001', 'L111'),
('GV004', 'L111'),
('GV007', 'L111'),
('GV010', 'L111'),
('GV013', 'L111'),
('GV016', 'L111'),
('GV017', 'L111'),
('GV018', 'L111'),
('GV019', 'L111'),
('GV020', 'L111'),
('GV021', 'L111'),
('GV022', 'L111'),
('GV023', 'L111'),
('GV002', 'L112'),
('GV005', 'L112'),
('GV008', 'L112'),
('GV011', 'L112'),
('GV014', 'L112'),
('GV016', 'L112'),
('GV017', 'L112'),
('GV018', 'L112'),
('GV019', 'L112'),
('GV020', 'L112'),
('GV021', 'L112'),
('GV022', 'L112'),
('GV023', 'L112'),
('GV003', 'L113'),
('GV006', 'L113'),
('GV009', 'L113'),
('GV012', 'L113'),
('GV015', 'L113'),
('GV016', 'L113'),
('GV017', 'L113'),
('GV018', 'L113'),
('GV019', 'L113'),
('GV020', 'L113'),
('GV021', 'L113'),
('GV022', 'L113'),
('GV023', 'L113'),
('GV001', 'L121'),
('GV004', 'L121'),
('GV007', 'L121'),
('GV010', 'L121'),
('GV013', 'L121'),
('GV016', 'L121'),
('GV017', 'L121'),
('GV018', 'L121'),
('GV019', 'L121'),
('GV020', 'L121'),
('GV021', 'L121'),
('GV022', 'L121'),
('GV023', 'L121'),
('GV002', 'L122'),
('GV005', 'L122'),
('GV008', 'L122'),
('GV011', 'L122'),
('GV014', 'L122'),
('GV016', 'L122'),
('GV017', 'L122'),
('GV018', 'L122'),
('GV019', 'L122'),
('GV020', 'L122'),
('GV021', 'L122'),
('GV022', 'L122'),
('GV023', 'L122'),
('GV003', 'L123'),
('GV006', 'L123'),
('GV009', 'L123'),
('GV012', 'L123'),
('GV015', 'L123'),
('GV016', 'L123'),
('GV017', 'L123'),
('GV018', 'L123'),
('GV019', 'L123'),
('GV020', 'L123'),
('GV021', 'L123'),
('GV022', 'L123'),
('GV023', 'L123')